aiA,aiA
moonmoth,moonmoth
manymagpie,manymagpie
Borys Lang,Attack Helicopter
Attack Helicopter,Borys Lang
children_devicesA,children_devicesA
manymagpie,Borys Lang
Borys Lang,moonmoth
Attack Helicopter,manymagpie
moonmoth,Attack Helicopter
ketchup_vs_mustardA,ketchup_vs_mustardA
Attack Helicopter,Attack Helicopter
Borys Lang,moonmoth
moonmoth,manymagpie
manymagpie,Borys Lang
Mock Discussion,Mock Discussion
Gary,Gary
Alex,Alex
Ursula,Daisy
Daisy,Ursula
Mary,Mary
Bobby,Bobby
welfareA,welfareA
Daisy,Bobby
Gary,Daisy
Bobby,Gary
Mary,Mary
Alex,Alex
Ursula,Ursula
pineapple_on_pizzaA,pineapple_on_pizzaA
moonmoth,Borys Lang
manymagpie,moonmoth
Borys Lang,Attack Helicopter
Attack Helicopter,manymagpie
aiB,aiB
individual mind,Raspywoodchuck
knackerkitten,knackerkitten
Raspywoodchuck,drasticmum
drasticmum,individual mind
children_devicesB,children_devicesB
Raspywoodchuck,drasticmum
knackerkitten,knackerkitten
drasticmum,Raspywoodchuck
ketchup_vs_mustardB,ketchup_vs_mustardB
individual mind,Raspywoodchuck
Raspywoodchuck,individual mind
knackerkitten,drasticmum
drasticmum,knackerkitten
aiC,aiC
mirrormoth,magnetmussel
honkyhornet,mirrormoth
magnetmussel,susancase1983
susancase1983,honkyhornet
children_devicesC,children_devicesC
honkyhornet,susancase1983
susancase1983,honkyhornet
mirrormoth,magnetmussel
magnetmussel,mirrormoth
ketchup_vs_mustardC,ketchup_vs_mustardC
susancase1983,susancase1983
honkyhornet,honkyhornet
magnetmussel,mirrormoth
mirrormoth,magnetmussel
pineapple_on_pizzaC,pineapple_on_pizzaC
mirrormoth,mirrormoth
magnetmussel,magnetmussel
susancase1983,susancase1983
honkyhornet,honkyhornet
children_devicesP,children_devicesP
anklefuvet,koolkapel
koolkapel,nationalyuity
copperbrilly,anklefuvet
nationalyuity,copperbrilly
ketchup_vs_mustardP,ketchup_vs_mustardP
koolkapel,koolkapel
anklefuvet,copperbrilly
copperbrilly,anklefuvet
nationalyuity,nationalyuity
pineapple_on_pizzaP,pineapple_on_pizzaP
koolkapel,nationalyuity
nationalyuity,koolkapel
anklefuvet,copperbrilly
copperbrilly,anklefuvet
sweet_vs_savouryP,sweet_vs_savouryP
copperbrilly,nationalyuity
nationalyuity,koolkapel
anklefuvet,copperbrilly
koolkapel,anklefuvet